date, value
8/6/2014,96.92
8/7/2014,97.34
8/8/2014,97.65
8/11/2014,98.08
8/12/2014,97.37
8/13/2014,97.59
8/14/2014,95.58
8/15/2014,96.944
8/18/2014,95.346
8/19/2014,93.508
8/20/2014,93.974
8/21/2014,93.96
8/22/2014,93.65
8/25/2014,93.35
8/26/2014,93.86
8/27/2014,93.88
8/28/2014,94.55
8/29/2014,95.96
9/2/2014,92.88
9/3/2014,95.54
9/4/2014,94.45
9/5/2014,93.29
9/8/2014,92.66
9/9/2014,92.75
9/10/2014,91.67
9/11/2014,92.83
9/12/2014,92.27
9/15/2014,92.92
9/16/2014,94.88
9/17/2014,94.176
9/18/2014,92.634
9/19/2014,91.954
9/22/2014,91
9/23/2014,91.56
9/24/2014,92.8
9/25/2014,92.53
9/26/2014,93.54
9/29/2014,94.57
9/30/2014,91.16
10/1/2014,90.73
10/2/2014,91.01
10/3/2014,89.74
10/6/2014,90.34
10/7/2014,88.85
10/8/2014,87.31
10/9/2014,85.77
10/10/2014,85.82
10/13/2014,85.74
10/14/2014,81.84
10/15/2014,81.78
10/16/2014,82.55
10/17/2014,82.474
10/20/2014,82.23
10/21/2014,82.554
10/22/2014,80.52
10/23/2014,82.09
10/24/2014,81.01
10/27/2014,81
10/28/2014,81.42
10/29/2014,82.2
10/30/2014,81.12
10/31/2014,80.54
11/3/2014,78.78
11/4/2014,77.19
11/5/2014,78.68
11/6/2014,77.91
11/7/2014,78.65
11/10/2014,77.4
11/11/2014,77.94
11/12/2014,77.18
11/13/2014,74.21
11/14/2014,75.82
11/17/2014,75.644
11/18/2014,74.622
11/19/2014,74.532
11/20/2014,75.796
11/21/2014,76.51
11/24/2014,75.78
11/25/2014,74.09
11/26/2014,73.69
11/28/2014,66.15
12/1/2014,69
12/2/2014,66.88
12/3/2014,67.38
12/4/2014,66.81
12/5/2014,65.84
12/8/2014,63.05
12/9/2014,63.82
12/10/2014,60.94
12/11/2014,59.95
12/12/2014,57.81
12/15/2014,55.91
12/16/2014,55.996
12/17/2014,56.598
12/18/2014,54.26
12/19/2014,57.008
12/22/2014,55.26
12/23/2014,57.12
12/24/2014,55.84
12/26/2014,54.73
12/29/2014,53.61
12/30/2014,54.12
12/31/2014,53.27
1/2/2015,52.69
1/5/2015,50.04
1/6/2015,47.93
1/7/2015,48.65
1/8/2015,48.79
1/9/2015,48.36
1/12/2015,46.07
1/13/2015,45.89
1/14/2015,48.576
1/15/2015,46.442
1/16/2015,48.954
1/20/2015,46.454
1/21/2015,47.78
1/22/2015,46.31
1/23/2015,45.59
1/26/2015,45.15
1/27/2015,46.23
1/28/2015,44.45
1/29/2015,44.53
1/30/2015,48.24
2/2/2015,49.57
2/3/2015,53.05
2/4/2015,48.45
2/5/2015,50.48
2/6/2015,51.69
2/9/2015,52.86
2/10/2015,50.02
2/11/2015,48.84
2/12/2015,51.21
2/13/2015,52.78
2/17/2015,53.682
2/18/2015,52.412
2/19/2015,51.562
2/20/2015,50.716
2/23/2015,49.45
2/24/2015,49.28
2/25/2015,50.99
2/26/2015,48.17
2/27/2015,49.76
3/2/2015,49.59
3/3/2015,50.52
3/4/2015,51.53
3/5/2015,50.76
3/6/2015,49.61
3/9/2015,50
3/10/2015,48.29
3/11/2015,48.17
3/12/2015,47.05
3/13/2015,44.84
3/16/2015,43.88
3/17/2015,43.806
3/18/2015,45.456
3/19/2015,44.902
3/20/2015,46.4
3/23/2015,47.45
3/24/2015,47.51
3/25/2015,49.21
3/26/2015,51.43
3/27/2015,48.87
3/30/2015,48.68
3/31/2015,47.6
4/1/2015,50.09
4/2/2015,49.14
4/6/2015,52.14
4/7/2015,53.98
4/8/2015,50.42
4/9/2015,50.79
4/10/2015,51.64
4/13/2015,51.91
4/14/2015,53.29
4/15/2015,56.39
4/16/2015,56.99
4/17/2015,56.372
4/20/2015,57.28
4/21/2015,56.34
4/22/2015,56.16
4/23/2015,57.74
4/24/2015,57.15
4/27/2015,56.99
4/28/2015,57.06
4/29/2015,58.58
4/30/2015,59.63
5/1/2015,59.15
5/4/2015,58.93
5/5/2015,60.4
5/6/2015,60.93
5/7/2015,58.94
5/8/2015,59.39
5/11/2015,59.25
5/12/2015,60.75
5/13/2015,60.5
5/14/2015,60.072
5/15/2015,60.03
5/18/2015,59.916
5/19/2015,57.844
5/20/2015,58.98
5/21/2015,60.72
5/22/2015,59.72
5/26/2015,58.03
5/27/2015,57.51
5/28/2015,57.68
5/29/2015,60.3
6/1/2015,60.2
6/2/2015,61.26
6/3/2015,59.64
6/4/2015,58
6/5/2015,59.13
6/8/2015,58.14
6/9/2015,60.14
6/10/2015,61.43
6/11/2015,60.77
6/12/2015,59.96
6/15/2015,59.52
6/16/2015,59.97
6/17/2015,60.002
6/18/2015,60.598
6/19/2015,59.826
6/22/2015,60.24
6/23/2015,61.01
6/24/2015,60.27
6/25/2015,59.7
6/26/2015,59.63
6/29/2015,58.33
6/30/2015,59.47
7/1/2015,56.96
7/2/2015,56.93
7/6/2015,52.53
7/7/2015,52.33
7/8/2015,51.65
7/9/2015,52.78
7/10/2015,52.74
7/13/2015,52.2
7/14/2015,53.04
7/15/2015,51.41
7/16/2015,50.976
7/17/2015,51.018
7/20/2015,50.324
7/21/2015,50.76
7/22/2015,49.19
7/23/2015,48.45
7/24/2015,48.14
7/27/2015,47.39
7/28/2015,47.98
7/29/2015,48.79
7/30/2015,48.52
7/31/2015,47.12
8/3/2015,45.17
8/4/2015,45.74
8/5/2015,45.15
8/6/2015,44.66
8/7/2015,43.87
8/10/2015,44.96
8/11/2015,43.08
8/12/2015,43.3
8/13/2015,42.23
8/14/2015,42.5
8/17/2015,41.978
8/18/2015,42.82
8/19/2015,41.082
8/20/2015,41.284
8/21/2015,40.45
8/24/2015,38.24
8/25/2015,39.31
8/26/2015,38.6
8/27/2015,42.56
8/28/2015,45.22
8/31/2015,49.2
9/1/2015,45.41
9/2/2015,46.25
9/3/2015,46.75
9/4/2015,46.05
9/8/2015,45.94
9/9/2015,44.15
9/10/2015,45.92
9/11/2015,44.63
9/14/2015,44
9/15/2015,44.59
9/16/2015,47.15
9/17/2015,46.96
9/18/2015,44.816
9/21/2015,46.848
9/22/2015,46.254
9/23/2015,44.48
9/24/2015,44.91
9/25/2015,45.7
9/28/2015,44.43
9/29/2015,45.23
9/30/2015,45.09
10/1/2015,44.74
10/2/2015,45.54
10/5/2015,46.26
10/6/2015,48.53
10/7/2015,47.81
10/8/2015,49.43
10/9/2015,49.63
10/12/2015,47.1
10/13/2015,46.66
10/14/2015,46.64
10/15/2015,46.478
10/16/2015,47.444
10/19/2015,46.124
10/20/2015,46.142
10/21/2015,45.2
10/22/2015,45.38
10/23/2015,44.6
10/26/2015,43.98
10/27/2015,43.2
10/28/2015,45.94
10/29/2015,46.06
10/30/2015,46.59
11/2/2015,46.14
11/3/2015,47.9
11/4/2015,46.32
11/5/2015,45.2
11/6/2015,44.29
11/9/2015,43.87
11/10/2015,44.21
11/11/2015,42.93
11/12/2015,41.75
11/13/2015,40.74
11/16/2015,41.74
11/17/2015,40.878
11/18/2015,41.23
11/19/2015,41.248
11/20/2015,41.598
11/23/2015,41.75
11/24/2015,42.87
11/25/2015,43.04
11/27/2015,41.71
11/30/2015,41.65
12/1/2015,41.85
12/2/2015,39.94
12/3/2015,41.08
12/4/2015,39.97
12/7/2015,37.65
12/8/2015,37.51
12/9/2015,37.16
12/10/2015,36.76
12/11/2015,35.62
12/14/2015,36.31
12/15/2015,37.35
12/16/2015,35.766
12/17/2015,35.478
12/18/2015,35.528
12/21/2015,35.596
12/22/2015,36.14
12/23/2015,37.5
12/24/2015,38.1
12/28/2015,36.81
12/29/2015,37.87
12/30/2015,36.6
12/31/2015,37.04
1/4/2016,36.76
1/5/2016,35.97
1/6/2016,33.97
1/7/2016,33.27
1/8/2016,33.16
1/11/2016,31.41
1/12/2016,30.44
1/13/2016,30.48
1/14/2016,31.382
1/15/2016,29.808
1/19/2016,29.126
1/20/2016,27.99
1/21/2016,29.53
1/22/2016,32.19
1/25/2016,30.34
1/26/2016,31.45
1/27/2016,32.3
1/28/2016,33.22
1/29/2016,33.62
2/1/2016,31.62
2/2/2016,29.88
2/3/2016,32.28
2/4/2016,31.72
2/5/2016,30.89
2/8/2016,29.69
2/9/2016,27.94
2/10/2016,27.45
2/11/2016,26.21
2/12/2016,29.44
2/16/2016,29.04
2/17/2016,31.124
2/18/2016,31.634
2/19/2016,30.906
2/22/2016,33.008
2/23/2016,31.87
2/24/2016,32.15
2/25/2016,33.07
2/26/2016,32.78
2/29/2016,33.75
3/1/2016,34.4
3/2/2016,34.66
3/3/2016,34.57
3/4/2016,35.92
3/7/2016,37.9
3/8/2016,36.5
3/9/2016,38.29
3/10/2016,37.84
3/11/2016,38.5
3/14/2016,37.18
3/15/2016,36.34
3/16/2016,38.768
3/17/2016,40.784
3/18/2016,40.46
3/21/2016,41.198
3/22/2016,41.45
3/23/2016,39.79
3/24/2016,39.46
3/28/2016,39.39
3/29/2016,38.28
3/30/2016,38.32
3/31/2016,38.34
4/1/2016,36.79
4/4/2016,35.7
4/5/2016,35.89
4/6/2016,37.75
4/7/2016,37.26
4/8/2016,39.72
4/11/2016,40.36
4/12/2016,42.17
4/13/2016,41.76
4/14/2016,41.5
4/15/2016,40.63
4/18/2016,40.344
4/19/2016,41.914
4/20/2016,43.87
4/21/2016,43.18
4/22/2016,43.73
4/25/2016,42.64
4/26/2016,44.04
4/27/2016,45.33
4/28/2016,46.03
4/29/2016,45.92
5/2/2016,44.78
5/3/2016,43.65
5/4/2016,43.78
5/5/2016,44.32
5/6/2016,44.66
5/9/2016,43.44
5/10/2016,44.66
5/11/2016,46.23
5/12/2016,46.7
5/13/2016,46.21
5/16/2016,47.72
5/17/2016,48.446
5/18/2016,48.426
5/19/2016,48.466
5/20/2016,48.278
5/23/2016,48.08
5/24/2016,48.62
5/25/2016,49.56
5/26/2016,49.48
5/27/2016,49.33
5/31/2016,49.1
6/1/2016,49.01
6/2/2016,49.17
6/3/2016,48.62
6/6/2016,49.69
6/7/2016,50.36
6/8/2016,51.23
6/9/2016,50.56
6/10/2016,49.07
6/13/2016,48.88
6/14/2016,48.49
6/15/2016,48.01
6/16/2016,46.316
6/17/2016,48.212
6/20/2016,49.724
6/21/2016,49.65
6/22/2016,49.13
6/23/2016,50.11
6/24/2016,47.64
6/27/2016,46.33
6/28/2016,47.85
6/29/2016,49.88
6/30/2016,48.33
7/1/2016,48.99
7/5/2016,46.6
7/6/2016,47.43
7/7/2016,45.14
7/8/2016,45.41
7/11/2016,44.76
7/12/2016,46.8
7/13/2016,44.75
7/14/2016,45.68
7/15/2016,46.09
7/18/2016,45.52
7/19/2016,45.13
7/20/2016,45.588
7/21/2016,44.75
7/22/2016,44.19
7/25/2016,43.13
7/26/2016,42.92
7/27/2016,41.92
7/28/2016,41.14
7/29/2016,41.6
8/1/2016,40.06
8/2/2016,39.51
8/3/2016,40.83
8/4/2016,41.93
8/5/2016,41.8
8/8/2016,43.02
8/9/2016,42.77
8/10/2016,41.71
8/11/2016,43.49
8/12/2016,44.49
8/15/2016,45.74
8/16/2016,46.58
8/17/2016,46.936
8/18/2016,48.488
8/19/2016,48.874
8/22/2016,47.338
8/23/2016,48.1
8/24/2016,46.77
8/25/2016,47.33
8/26/2016,47.64
8/29/2016,46.98
8/30/2016,46.35
8/31/2016,44.7
9/1/2016,43.16
9/2/2016,44.44
9/6/2016,44.83
9/7/2016,45.5
9/8/2016,47.62
9/9/2016,45.88
9/12/2016,46.29
9/13/2016,44.9
9/14/2016,43.58
9/15/2016,44.032
9/16/2016,43.266
9/19/2016,43.636
9/20/2016,43.928
9/21/2016,45.34
9/22/2016,46.32
9/23/2016,44.48
9/26/2016,45.93
9/27/2016,44.67
9/28/2016,47.05
9/29/2016,47.83
9/30/2016,48.24
10/3/2016,48.81
10/4/2016,48.69
10/5/2016,49.83
10/6/2016,50.44
10/7/2016,49.81
10/10/2016,51.35
10/11/2016,50.79
10/12/2016,50.18
10/13/2016,50.44
10/14/2016,50.35
10/17/2016,50.026
10/18/2016,50.422
10/19/2016,51.732
10/20/2016,50.59
10/21/2016,50.85
10/24/2016,50.52
10/25/2016,49.96
10/26/2016,49.18
10/27/2016,49.72
10/28/2016,48.7
10/31/2016,46.86
11/1/2016,46.67
11/2/2016,45.34
11/3/2016,44.66
11/4/2016,44.07
11/7/2016,44.89
11/8/2016,44.98
11/9/2016,45.27
11/10/2016,44.66
11/11/2016,43.41
11/14/2016,43.32
11/15/2016,45.81
11/16/2016,45.676
11/17/2016,45.644
11/18/2016,46.092
11/21/2016,48.09
11/22/2016,48.03
11/23/2016,47.96
11/25/2016,46.06
11/28/2016,47.08
11/29/2016,45.23
11/30/2016,49.44
12/1/2016,51.06
12/2/2016,51.68
12/5/2016,51.79
12/6/2016,50.93
12/7/2016,49.77
12/8/2016,50.84
12/9/2016,51.5
12/12/2016,52.83
12/13/2016,52.98
12/14/2016,51.04
12/15/2016,51.114
12/16/2016,52.32
12/19/2016,52.684
12/20/2016,53.086
12/21/2016,52.49
12/22/2016,52.95
12/23/2016,53.02
12/27/2016,53.9
12/28/2016,54.06
12/29/2016,53.77
12/30/2016,53.72
1/3/2017,52.33
1/4/2017,53.26
1/5/2017,53.76
1/6/2017,53.99
1/9/2017,51.96
1/10/2017,50.82
1/11/2017,52.25
1/12/2017,53.01
1/13/2017,52.37
1/17/2017,52.636
1/18/2017,51.404
1/19/2017,51.82
1/20/2017,53.06
1/23/2017,52.75
1/24/2017,53.18
1/25/2017,52.75
1/26/2017,53.78
1/27/2017,53.17
1/30/2017,52.63
1/31/2017,52.81
2/1/2017,53.88
2/2/2017,53.54
2/3/2017,53.83
2/6/2017,53.01
2/7/2017,52.17
2/8/2017,52.34
2/9/2017,53
2/10/2017,53.86
2/13/2017,52.93
2/14/2017,53.2
2/15/2017,53.208
2/16/2017,53.516
2/17/2017,53.628
2/21/2017,54.276
2/22/2017,53.59
2/23/2017,54.45
2/24/2017,53.99
2/27/2017,54.05
2/28/2017,54.01
3/1/2017,53.83
3/2/2017,52.61
3/3/2017,53.33
3/6/2017,53.2
3/7/2017,53.14
3/8/2017,50.28
3/9/2017,49.28
3/10/2017,48.49
3/13/2017,48.4
3/14/2017,47.72
3/15/2017,48.86
3/16/2017,48.848
3/17/2017,48.992
3/20/2017,48.634
3/21/2017,48.06
3/22/2017,48.04
3/23/2017,47.7
3/24/2017,47.97
3/27/2017,47.73
3/28/2017,48.37
3/29/2017,49.51
3/30/2017,50.35
3/31/2017,50.6
4/3/2017,50.24
4/4/2017,51.03
4/5/2017,51.15
4/6/2017,51.7
4/7/2017,52.24
4/10/2017,53.08
4/11/2017,53.4
4/12/2017,53.11
4/13/2017,53.18
4/17/2017,52.742
4/18/2017,52.586
4/19/2017,50.686
4/20/2017,50.622
4/21/2017,49.62
4/24/2017,49.23
4/25/2017,49.56
4/26/2017,49.62
4/27/2017,48.97
4/28/2017,49.33
5/1/2017,48.84
5/2/2017,47.66
5/3/2017,47.82
5/4/2017,45.52
5/5/2017,46.22
5/8/2017,46.43
5/9/2017,45.88
5/10/2017,47.33
5/11/2017,47.83
5/12/2017,47.84
5/15/2017,48.85
5/16/2017,48.66
5/17/2017,49.138
5/18/2017,49.474
5/19/2017,50.534
5/22/2017,51.05
5/23/2017,51.47
5/24/2017,51.36
5/25/2017,48.9
5/26/2017,49.8
5/30/2017,49.66
5/31/2017,48.32
6/1/2017,48.36
6/2/2017,47.66
6/5/2017,47.4
6/6/2017,48.19
6/7/2017,45.72
6/8/2017,45.64
6/9/2017,45.83
6/12/2017,46.08
6/13/2017,46.46
6/14/2017,44.73
6/15/2017,44.504
6/16/2017,44.832
6/19/2017,44.338
6/20/2017,43.454
6/21/2017,42.53
6/22/2017,42.74
6/23/2017,43.01
6/26/2017,43.38
6/27/2017,44.24
6/28/2017,44.74
6/29/2017,44.93
6/30/2017,46.04
7/3/2017,47.07
7/5/2017,45.13
7/6/2017,45.52
7/7/2017,44.23
7/10/2017,44.4
7/11/2017,45.04
7/12/2017,45.49
7/13/2017,46.08
7/14/2017,46.54
7/17/2017,46.062
7/18/2017,46.476
7/19/2017,47.24
7/20/2017,46.894
7/21/2017,45.77
7/24/2017,46.34
7/25/2017,47.89
7/26/2017,48.75
7/27/2017,49.04
7/28/2017,49.71
7/31/2017,50.17
8/1/2017,49.16
8/2/2017,49.59
8/3/2017,49.03
8/4/2017,49.58
8/7/2017,49.39
8/8/2017,49.17
8/9/2017,49.56
8/10/2017,48.59
8/11/2017,48.82
8/14/2017,47.59
8/15/2017,47.55
8/16/2017,46.78
8/17/2017,47.12
8/18/2017,48.57
8/21/2017,47.466
8/22/2017,47.792
8/23/2017,48.41
8/24/2017,47.43
8/25/2017,47.87
8/28/2017,46.57
8/29/2017,46.44
8/30/2017,45.96
8/31/2017,47.23
9/1/2017,47.29
9/5/2017,48.66
9/6/2017,49.16
9/7/2017,49.09
9/8/2017,47.48
9/11/2017,48.07
9/12/2017,48.23
9/13/2017,49.3
9/14/2017,49.89
9/15/2017,50
9/18/2017,50.086
9/19/2017,49.732
9/20/2017,50.634
9/21/2017,50.55
9/22/2017,50.66
9/25/2017,52.22
9/26/2017,51.88
9/27/2017,52.14
9/28/2017,51.56
9/29/2017,51.67
10/2/2017,50.58
10/3/2017,50.42
10/4/2017,49.98
10/5/2017,50.79
10/6/2017,49.29
10/9/2017,49.58
10/10/2017,50.92
10/11/2017,51.3
10/12/2017,50.6
10/13/2017,51.45
10/16/2017,51.87
10/17/2017,51.926
10/18/2017,52.128
10/19/2017,51.422
10/20/2017,51.766
10/23/2017,51.9
10/24/2017,52.47
10/25/2017,52.18
10/26/2017,52.64
10/27/2017,53.9
10/30/2017,54.15
10/31/2017,54.38
11/1/2017,54.3
11/2/2017,54.54
11/3/2017,55.64
11/6/2017,57.35
11/7/2017,57.2
11/8/2017,56.81
11/9/2017,57.17
11/10/2017,56.74
11/13/2017,56.76
11/14/2017,55.7
11/15/2017,55.368
11/16/2017,55.224
11/17/2017,56.646
11/20/2017,56.354
11/21/2017,56.83
11/22/2017,58.02
11/24/2017,58.95
11/27/2017,58.11
11/28/2017,57.99
11/29/2017,57.3
11/30/2017,57.4
12/1/2017,58.36
12/4/2017,57.47
12/5/2017,57.62
12/6/2017,55.96
12/7/2017,56.69
12/8/2017,57.36
12/11/2017,57.99
12/12/2017,57.14
12/13/2017,56.6
12/14/2017,57.048
12/15/2017,57.312
12/18/2017,57.196
12/19/2017,57.54
12/20/2017,58.09
12/21/2017,58.36
12/22/2017,58.47
12/26/2017,59.97
12/27/2017,59.64
12/28/2017,59.84
12/29/2017,60.42
1/2/2018,60.37
1/3/2018,61.63
1/4/2018,62.01
1/5/2018,61.44
1/8/2018,61.73
1/9/2018,62.96
1/10/2018,63.57
1/11/2018,63.8
1/12/2018,64.3
1/16/2018,63.73
1/17/2018,63.96
1/18/2018,63.926
1/19/2018,63.334
1/22/2018,63.554
1/23/2018,64.47
1/24/2018,65.61
1/25/2018,65.51
1/26/2018,66.14
1/29/2018,65.56
1/30/2018,64.5
1/31/2018,64.73
2/1/2018,65.8
2/2/2018,65.45
2/5/2018,64.15
2/6/2018,63.39
2/7/2018,61.79
2/8/2018,61.15
2/9/2018,59.2
2/12/2018,59.29
2/13/2018,59.19
2/14/2018,60.582
2/15/2018,61.272
2/16/2018,61.602
2/20/2018,61.812
2/21/2018,61.68
2/22/2018,62.77
2/23/2018,63.55
2/26/2018,63.91
2/27/2018,63.01
2/28/2018,61.64
3/1/2018,60.99
3/2/2018,61.25
3/5/2018,62.57
3/6/2018,62.6
3/7/2018,61.15
3/8/2018,60.12
3/9/2018,62.04
3/12/2018,61.36
3/13/2018,60.71
3/14/2018,60.96
3/15/2018,61.202
3/16/2018,62.368
3/19/2018,62.102
3/20/2018,63.512
3/21/2018,65.17
3/22/2018,64.3
3/23/2018,65.88
3/26/2018,65.55
3/27/2018,65.25
3/28/2018,64.38
3/29/2018,64.94
4/2/2018,63.01
4/3/2018,63.51
4/4/2018,63.37
4/5/2018,63.54
4/6/2018,62.06
4/9/2018,63.42
4/10/2018,65.51
4/11/2018,66.82
4/12/2018,67.07
4/13/2018,67.39
4/16/2018,66.22
4/17/2018,66.518
4/18/2018,68.47
4/19/2018,68.314
4/20/2018,68.396
4/23/2018,68.64
4/24/2018,67.7
4/25/2018,68.05
4/26/2018,68.19
4/27/2018,68.1
4/30/2018,68.57
5/1/2018,67.25
5/2/2018,67.93
5/3/2018,68.43
5/4/2018,69.72
5/7/2018,70.73
5/8/2018,69.06
5/9/2018,71.14
5/10/2018,71.36
5/11/2018,70.7
5/14/2018,70.96
5/15/2018,71.31
5/16/2018,71.49
5/17/2018,71.506
5/18/2018,71.316
5/21/2018,72.306
5/22/2018,72.186
5/23/2018,71.84
5/24/2018,70.71
5/25/2018,67.88
5/29/2018,66.73
5/30/2018,68.21
5/31/2018,67.04
6/1/2018,65.81
6/4/2018,64.75
6/5/2018,65.52
6/6/2018,64.73
6/7/2018,65.95
6/8/2018,65.74
6/11/2018,66.1
6/12/2018,66.36
6/13/2018,66.64
6/14/2018,66.89
6/15/2018,65.018
6/18/2018,65.786
6/19/2018,64.968
6/20/2018,65.812
6/21/2018,65.54
6/22/2018,68.58
6/25/2018,68.08
6/26/2018,70.53
6/27/2018,72.76
6/28/2018,73.45
6/29/2018,74.15
7/2/2018,73.94
7/3/2018,74.14
7/5/2018,72.94
7/6/2018,73.8
7/9/2018,73.85
7/10/2018,74.11
7/11/2018,70.38
7/12/2018,70.33
7/13/2018,71.01
7/16/2018,68.06
7/17/2018,67.896
7/18/2018,68.356
7/19/2018,68.728
7/20/2018,68.7
7/23/2018,67.89
7/24/2018,68.52
7/25/2018,69.3
7/26/2018,69.61
7/27/2018,68.69
7/30/2018,70.13
7/31/2018,68.76
8/1/2018,67.66
8/2/2018,68.96
8/3/2018,68.49
8/6/2018,69.01
8/7/2018,69.17
8/8/2018,66.94
8/9/2018,66.81
8/10/2018,67.63
8/13/2018,67.2
8/14/2018,67.04
8/15/2018,65.01
8/16/2018,65.344
8/17/2018,65.63
8/20/2018,65.824
8/21/2018,66.142
8/22/2018,67.86
8/23/2018,67.83
8/24/2018,68.72
8/27/2018,68.87
8/28/2018,68.53
8/29/2018,69.51
8/30/2018,70.25
8/31/2018,69.8
9/4/2018,69.87
9/5/2018,68.72
9/6/2018,67.77
9/7/2018,67.75
9/10/2018,67.54
9/11/2018,69.25
9/12/2018,70.37
9/13/2018,68.59
9/14/2018,68.99
9/17/2018,68.864
9/18/2018,69.746
9/19/2018,70.91
9/20/2018,70.416
9/21/2018,70.78
9/24/2018,72.08
9/25/2018,72.28
9/26/2018,71.57
9/27/2018,72.12
9/28/2018,73.25
10/1/2018,75.3
10/2/2018,75.23
10/3/2018,76.41
10/4/2018,74.33
10/5/2018,74.34
10/8/2018,74.29
10/9/2018,74.96
10/10/2018,73.17
10/11/2018,70.97
10/12/2018,71.34
10/15/2018,71.78
10/16/2018,71.92
10/17/2018,69.74
10/18/2018,68.674
10/19/2018,69.216
10/22/2018,69.322
10/23/2018,66.43
10/24/2018,66.82
10/25/2018,67.33
10/26/2018,67.59
10/29/2018,67.04
10/30/2018,66.18
10/31/2018,65.31
11/1/2018,63.69
11/2/2018,63.14
11/5/2018,63.1
11/6/2018,62.21
11/7/2018,61.67
11/8/2018,60.67
11/9/2018,60.19
11/12/2018,59.93
11/13/2018,55.69
11/14/2018,56.288
11/15/2018,56.548
11/16/2018,56.592
11/19/2018,57.112
11/20/2018,53.43
11/21/2018,54.63
11/23/2018,50.42
11/26/2018,51.63
11/27/2018,51.56
11/28/2018,50.29
11/29/2018,51.45
11/30/2018,50.93
12/3/2018,52.95
12/4/2018,53.25
12/5/2018,52.89
12/6/2018,51.49
12/7/2018,52.61
12/10/2018,51
12/11/2018,51.65
12/12/2018,51.15
12/13/2018,52.58
12/14/2018,51.254
12/17/2018,50.008
12/18/2018,46.456
12/19/2018,47.976
12/20/2018,45.88
12/21/2018,45.59
12/24/2018,42.53
12/26/2018,46.22
12/27/2018,44.61
12/28/2018,45.33
12/31/2018,45.41
1/2/2019,46.54
1/3/2019,47.09
1/4/2019,47.96
1/7/2019,48.52
1/8/2019,49.78
1/9/2019,52.36
1/10/2019,52.59
1/11/2019,51.59
1/14/2019,50.51
1/15/2019,52.11
1/16/2019,52.37
1/17/2019,52.186
1/18/2019,53.944
1/22/2019,52.922
1/23/2019,52.62
1/24/2019,53.13
1/25/2019,53.69
1/28/2019,51.99
1/29/2019,53.31
1/30/2019,54.23
1/31/2019,53.79
2/1/2019,55.26
2/4/2019,54.56
2/5/2019,53.66
2/6/2019,54.01
2/7/2019,52.64
2/8/2019,52.72
2/11/2019,52.41
2/12/2019,53.1
2/13/2019,53.9
2/14/2019,54.486
2/15/2019,55.746
2/19/2019,56.306
2/20/2019,57.112
2/21/2019,56.96
2/22/2019,57.26
2/25/2019,55.48
2/26/2019,55.5
2/27/2019,56.94
2/28/2019,57.22
3/1/2019,55.8
3/4/2019,56.59
3/5/2019,56.56
3/6/2019,56.22
3/7/2019,56.66
3/8/2019,56.07
3/11/2019,56.79
3/12/2019,56.87
3/13/2019,58.26
3/14/2019,58.61
3/15/2019,58.58
3/18/2019,59.206
3/19/2019,59.186
3/20/2019,60.15
3/21/2019,59.98
3/22/2019,59.04
3/25/2019,58.82
3/26/2019,59.94
3/27/2019,59.41
3/28/2019,59.3
3/29/2019,60.14
4/1/2019,61.59
4/2/2019,62.58
4/3/2019,62.46
4/4/2019,62.1
4/5/2019,63.08
4/8/2019,64.4
4/9/2019,63.98
4/10/2019,64.61
4/11/2019,63.58
4/12/2019,63.89
4/15/2019,63.4
4/16/2019,64.078
4/17/2019,63.804
4/18/2019,64.042
4/22/2019,65.58
4/23/2019,66.3
4/24/2019,65.89
4/25/2019,65.21
4/26/2019,63.3
4/29/2019,63.5
4/30/2019,63.91
5/1/2019,63.6
5/2/2019,61.81
5/3/2019,61.94
5/6/2019,62.25
5/7/2019,61.4
5/8/2019,62.12
5/9/2019,61.7
5/10/2019,61.66
5/13/2019,61.04
5/14/2019,61.78
5/15/2019,62.02
5/16/2019,62.908
5/17/2019,62.824
5/20/2019,63.166
5/21/2019,63.102
5/22/2019,61.42
5/23/2019,57.91
5/24/2019,58.63
5/28/2019,59.14
5/29/2019,58.81
5/30/2019,56.59
5/31/2019,53.5
6/3/2019,53.25
6/4/2019,53.48
6/5/2019,51.68
6/6/2019,52.59
6/7/2019,53.99
6/10/2019,53.26
6/11/2019,53.27
6/12/2019,51.14
6/13/2019,52.28
6/14/2019,52.51
6/17/2019,51.978
6/18/2019,53.984
6/19/2019,53.886
6/20/2019,56.986
6/21/2019,57.43
6/24/2019,57.9
6/25/2019,57.83
6/26/2019,59.38
6/27/2019,59.43
6/28/2019,58.47
7/1/2019,59.09
7/2/2019,56.25
7/3/2019,57.34
7/5/2019,57.51
7/8/2019,57.66
7/9/2019,57.83
7/10/2019,60.43
7/11/2019,60.2
7/12/2019,60.21
7/15/2019,59.58
7/16/2019,57.62
7/17/2019,56.808
7/18/2019,55.348
7/19/2019,55.708
7/22/2019,56.22
7/23/2019,56.77
7/24/2019,55.88
7/25/2019,56.02
7/26/2019,56.2
7/29/2019,56.87
7/30/2019,58.05
7/31/2019,58.58
8/1/2019,53.95
8/2/2019,55.66
8/5/2019,54.69
8/6/2019,53.63
8/7/2019,51.09
8/8/2019,52.54
8/9/2019,54.5
8/12/2019,54.93
8/13/2019,57.1
8/14/2019,55.23
8/15/2019,54.46
8/16/2019,54.846
8/19/2019,56.168
8/20/2019,56.172
8/21/2019,55.68
8/22/2019,55.35
8/23/2019,54.17
8/26/2019,53.64
8/27/2019,54.93
8/28/2019,55.78
8/29/2019,56.71
8/30/2019,55.1
9/3/2019,53.94
9/4/2019,56.26
9/5/2019,56.3
9/6/2019,56.52
9/9/2019,57.85
9/10/2019,57.4
9/11/2019,55.75
9/12/2019,55.09
9/13/2019,54.85
9/16/2019,62.9
9/17/2019,59.292
9/18/2019,58.082
9/19/2019,58.166
9/20/2019,58.09
9/23/2019,58.64
9/24/2019,57.29
9/25/2019,56.49
9/26/2019,56.41
9/27/2019,55.91
9/30/2019,54.07
10/1/2019,53.62
10/2/2019,52.64
10/3/2019,52.45
10/4/2019,52.81
10/7/2019,52.75
10/8/2019,52.63
10/9/2019,52.59
10/10/2019,53.55
10/11/2019,54.7
10/14/2019,53.59
10/15/2019,52.81
10/16/2019,53.36
10/17/2019,53.95
10/18/2019,53.816
10/21/2019,53.43
10/22/2019,54.416
10/23/2019,55.97
10/24/2019,56.23
10/25/2019,56.66
10/28/2019,55.81
10/29/2019,55.54
10/30/2019,55.06
10/31/2019,54.18
11/1/2019,56.2
11/4/2019,56.54
11/5/2019,57.23
11/6/2019,56.35
11/7/2019,57.15
11/8/2019,57.24
11/11/2019,56.86
11/12/2019,56.8
11/13/2019,57.12
11/14/2019,56.77
11/15/2019,57.742
11/18/2019,57.086
11/19/2019,55.294
11/20/2019,57.03
11/21/2019,58.58
11/22/2019,57.77
11/25/2019,58.01
11/26/2019,58.41
11/27/2019,58.11
11/29/2019,55.17
12/2/2019,55.96
12/3/2019,56.1
12/4/2019,58.43
12/5/2019,58.43
12/6/2019,59.2
12/9/2019,59.02
12/10/2019,59.24
12/11/2019,58.76
12/12/2019,59.18
12/13/2019,60.07
12/16/2019,60.196
12/17/2019,60.912
12/18/2019,60.882
12/19/2019,61.188
12/20/2019,60.44
12/23/2019,60.52
12/24/2019,61.11
12/26/2019,61.68
12/27/2019,61.72
12/30/2019,61.68
12/31/2019,61.06
1/2/2020,61.18
1/3/2020,63.05
1/6/2020,63.27
1/7/2020,62.7
1/8/2020,59.61
1/9/2020,59.56
1/10/2020,59.04
1/13/2020,58.08
1/14/2020,58.23
1/15/2020,57.816
1/16/2020,58.524
1/17/2020,58.564
1/21/2020,58.372
1/22/2020,56.74
1/23/2020,55.59
1/24/2020,54.19
1/27/2020,53.14
1/28/2020,53.48
1/29/2020,53.33
1/30/2020,52.14
1/31/2020,51.56
2/3/2020,50.11
2/4/2020,49.61
2/5/2020,50.75
2/6/2020,50.95
2/7/2020,50.32
2/10/2020,49.57
2/11/2020,49.94
2/12/2020,51.17
2/13/2020,51.42
2/14/2020,52.104
2/18/2020,52.146
2/19/2020,53.41
2/20/2020,53.86
2/21/2020,53.38
2/24/2020,51.43
2/25/2020,49.9
2/26/2020,48.73
2/27/2020,47.09
2/28/2020,44.76
3/2/2020,46.75
3/3/2020,47.18
3/4/2020,46.78
3/5/2020,45.9
3/6/2020,41.28
3/9/2020,31.13
3/10/2020,34.36
3/11/2020,32.98
3/12/2020,31.5
3/13/2020,31.73
3/16/2020,28.7
3/17/2020,27.026
3/18/2020,20.554
3/19/2020,25.634
3/20/2020,22.59
3/23/2020,23.36
3/24/2020,24.01
3/25/2020,24.49
3/26/2020,22.6
3/27/2020,21.51
3/30/2020,20.09
3/31/2020,20.48
4/1/2020,20.31
4/2/2020,25.32
4/3/2020,28.34
4/6/2020,26.08
4/7/2020,23.63
4/8/2020,25.09
4/9/2020,22.76
4/13/2020,22.41
4/14/2020,20.11
4/15/2020,19.87
4/16/2020,21.002
4/17/2020,20.974
4/21/2020,11.258
4/22/2020,13.78
4/23/2020,16.5
4/24/2020,16.94
4/27/2020,12.78
4/28/2020,12.34
4/29/2020,15.06
4/30/2020,18.84
5/1/2020,19.78
5/4/2020,20.39
5/5/2020,24.56
5/6/2020,23.99
5/7/2020,23.55
5/8/2020,24.74
5/11/2020,24.14
5/12/2020,25.78
5/13/2020,25.29
5/14/2020,27.624
5/15/2020,29.466
5/18/2020,31.718
5/19/2020,32.068
5/20/2020,33.49
5/21/2020,33.92
5/22/2020,33.25
5/26/2020,34.35
5/27/2020,32.81
5/28/2020,33.71
5/29/2020,35.49
6/1/2020,35.44
6/2/2020,36.81
6/3/2020,37.29
6/4/2020,37.41
6/5/2020,39.55
6/8/2020,38.19
6/9/2020,38.94
6/10/2020,39.6
6/11/2020,36.34
6/12/2020,36.26
6/15/2020,37.12
6/16/2020,38.38
6/17/2020,38.01
6/18/2020,38.924
6/19/2020,39.798
6/22/2020,40.676
6/23/2020,40.37
6/24/2020,38.01
6/25/2020,38.72
6/26/2020,38.49
6/29/2020,39.7
6/30/2020,39.27
7/1/2020,39.82
7/2/2020,40.65
7/6/2020,40.63
7/7/2020,40.62
7/8/2020,40.9
7/9/2020,39.62
7/10/2020,40.55
7/13/2020,40.1
7/14/2020,40.29
7/15/2020,41.2
7/16/2020,40.786
7/17/2020,40.654
7/20/2020,40.876
7/21/2020,41.928
7/22/2020,41.9
7/23/2020,41.07
7/24/2020,41.29
7/27/2020,41.6
7/28/2020,41.04
7/29/2020,41.27
7/30/2020,39.92
7/31/2020,40.27
8/3/2020,41.01
8/4/2020,41.7
8/5/2020,42.19
8/6/2020,41.95
8/7/2020,41.22
8/10/2020,41.94
8/11/2020,41.61
8/12/2020,42.67
8/13/2020,42.24
8/14/2020,42.01
8/17/2020,42.946
8/18/2020,42.982
8/19/2020,43.038
8/20/2020,42.772
8/21/2020,42.34
8/24/2020,42.62
8/25/2020,43.35
8/26/2020,43.39
8/27/2020,43.04
8/28/2020,42.97
8/31/2020,42.61
9/1/2020,42.76
9/2/2020,41.51
9/3/2020,41.37
9/4/2020,39.77
9/8/2020,36.76
9/9/2020,38.05
9/10/2020,37.3
9/11/2020,37.33
9/14/2020,37.26
9/15/2020,38.28
9/16/2020,40.16
9/17/2020,41.02
9/18/2020,41.194
9/21/2020,39.448
9/22/2020,39.76
9/23/2020,39.93
9/24/2020,40.31
9/25/2020,40.25
9/28/2020,40.6
9/29/2020,39.29
9/30/2020,40.22
10/1/2020,38.72
10/2/2020,37.05
10/5/2020,39.22
10/6/2020,40.67
10/7/2020,39.95
10/8/2020,41.19
10/9/2020,40.6
10/12/2020,39.43
10/13/2020,40.2
10/14/2020,41.04
10/15/2020,41.016
10/16/2020,40.976
10/19/2020,40.968
10/20/2020,41.652
10/21/2020,40.03
10/22/2020,40.64
10/23/2020,39.85
10/26/2020,38.56
10/27/2020,39.57
10/28/2020,37.39
10/29/2020,36.17
10/30/2020,35.79
11/2/2020,36.81
11/3/2020,37.66
11/4/2020,39.15
11/5/2020,38.79
11/6/2020,37.14
11/9/2020,40.29
11/10/2020,41.36
11/11/2020,41.45
11/12/2020,41.12
11/13/2020,40.13
11/16/2020,41.34
11/17/2020,41.474
11/18/2020,41.896
11/19/2020,41.836
11/20/2020,42.366
11/23/2020,43.06
11/24/2020,44.91
11/25/2020,45.71
11/27/2020,45.53
11/30/2020,45.34
12/1/2020,44.55
12/2/2020,45.28
12/3/2020,45.64
12/4/2020,46.26
12/7/2020,45.76
12/8/2020,45.6
12/9/2020,45.52
12/10/2020,46.78
12/11/2020,46.57
12/14/2020,46.99
12/15/2020,47.62
12/16/2020,47.856
12/17/2020,48.432
12/18/2020,49.184
12/21/2020,47.924
12/22/2020,47.02
12/23/2020,48.12
12/24/2020,48.23
12/28/2020,47.62
12/29/2020,48
12/30/2020,48.4
12/31/2020,48.52
1/4/2021,47.62
1/5/2021,49.93
1/6/2021,50.63
1/7/2021,50.83
1/8/2021,52.24
1/11/2021,52.25
1/12/2021,53.21
1/13/2021,52.91
1/14/2021,53.58
1/15/2021,52.384
1/19/2021,52.98
1/20/2021,53.296
1/21/2021,53.13
1/22/2021,52.27
1/25/2021,52.77
1/26/2021,52.61
1/27/2021,52.85
1/28/2021,52.34
1/29/2021,52.2
2/1/2021,53.55
2/2/2021,54.76
2/3/2021,55.69
2/4/2021,56.23
2/5/2021,56.85
2/8/2021,57.97
2/9/2021,58.36
2/10/2021,58.68
2/11/2021,58.24
2/12/2021,59.47
2/16/2021,60.05
2/17/2021,61.144
2/18/2021,60.524
2/19/2021,59.252
2/22/2021,61.658
2/23/2021,61.67
2/24/2021,63.22
2/25/2021,63.53
2/26/2021,61.5
3/1/2021,60.64
3/2/2021,59.75
3/3/2021,61.28
3/4/2021,63.83
3/5/2021,66.09
3/8/2021,65.05
3/9/2021,64.01
3/10/2021,64.44
3/11/2021,66.02
3/12/2021,65.61
3/15/2021,65.39
3/16/2021,64.8
3/17/2021,64.606
3/18/2021,60.024
3/19/2021,61.432
3/22/2021,61.558
3/23/2021,57.76
3/24/2021,61.18
3/25/2021,58.56
3/26/2021,60.97
3/29/2021,61.56
3/30/2021,60.55
3/31/2021,59.16
4/1/2021,61.45
4/5/2021,58.65
4/6/2021,59.33
4/7/2021,59.77
4/8/2021,59.6
4/9/2021,59.32
4/12/2021,59.7
4/13/2021,60.18
4/14/2021,63.15
4/15/2021,63.47
4/16/2021,63.154
4/19/2021,63.41
4/20/2021,62.624
4/21/2021,61.35
4/22/2021,61.43
4/23/2021,62.14
4/26/2021,61.91
4/27/2021,62.94
4/28/2021,63.86
4/29/2021,65.01
4/30/2021,63.58
5/3/2021,64.49
5/4/2021,65.69
5/5/2021,65.63
5/6/2021,64.71
5/7/2021,64.9
5/10/2021,64.92
5/11/2021,65.28
5/12/2021,66.08
5/13/2021,63.82
5/14/2021,65.37
5/17/2021,66.272
5/18/2021,65.494
5/19/2021,63.354
5/20/2021,61.962
5/21/2021,63.58
5/24/2021,66.05
5/25/2021,66.07
5/26/2021,66.21
5/27/2021,66.85
5/28/2021,66.32
6/1/2021,67.72
6/2/2021,68.83
6/3/2021,68.81
6/4/2021,69.62
6/7/2021,69.23
6/8/2021,70.05
6/9/2021,69.96
6/10/2021,70.29
6/11/2021,70.91
6/14/2021,70.88
6/15/2021,72.12
6/16/2021,72.15
6/17/2021,70.988
6/18/2021,71.5
6/21/2021,73.336
6/22/2021,72.892
6/23/2021,73.08
6/24/2021,73.3
6/25/2021,74.05
6/28/2021,72.91
6/29/2021,72.98
6/30/2021,73.47
7/1/2021,75.23
7/2/2021,75.16
7/5/2021,75.16
7/6/2021,73.37
7/7/2021,72.2
7/8/2021,72.94
7/9/2021,74.56
7/12/2021,74.1
7/13/2021,75.25
7/14/2021,73.13
7/15/2021,71.596
7/16/2021,71.71
7/19/2021,66.378
7/20/2021,67.244
7/21/2021,70.3
7/22/2021,71.91
7/23/2021,72.07
7/26/2021,71.91
7/27/2021,71.65
7/28/2021,72.39
7/29/2021,73.62
7/30/2021,73.95
8/2/2021,71.26
8/3/2021,70.56
8/4/2021,68.15
8/5/2021,69.09
8/6/2021,68.28
8/9/2021,66.48
8/10/2021,68.29
8/11/2021,69.25
8/12/2021,69.09
8/13/2021,68.44
8/16/2021,67.29
8/17/2021,66.54
8/18/2021,65.36
8/19/2021,63.576
8/20/2021,62.176
8/23/2021,65.64
8/24/2021,67.54
8/25/2021,68.36
8/26/2021,67.42
8/27/2021,68.74
8/30/2021,69.21
8/31/2021,68.5
9/1/2021,68.59
9/2/2021,69.99
9/3/2021,69.29
9/6/2021,69.29
9/7/2021,68.35
9/8/2021,69.3
9/9/2021,68.14
9/10/2021,69.72
9/13/2021,70.45
9/14/2021,70.46
9/15/2021,72.61
9/16/2021,72.562
9/17/2021,71.91
9/20/2021,70.2
9/21/2021,70.504
9/22/2021,72.23
9/23/2021,73.3
9/24/2021,73.98
9/27/2021,75.45
9/28/2021,75.29
9/29/2021,74.83
9/30/2021,75.03
10/1/2021,75.88
10/4/2021,77.62
10/5/2021,78.93
10/6/2021,77.43
10/7/2021,78.3
10/8/2021,79.35
10/11/2021,80.52
10/12/2021,80.64
10/13/2021,80.44
10/14/2021,81.31
10/15/2021,82.17
10/18/2021,82.14
10/19/2021,82.648
10/20/2021,83.51
10/21/2021,82.5
10/22/2021,83.76
10/25/2021,83.76
10/26/2021,84.65
10/27/2021,82.66
10/28/2021,82.81
10/29/2021,83.57
11/1/2021,84.05
11/2/2021,83.91
11/3/2021,80.86
11/4/2021,78.81
11/5/2021,81.27
11/8/2021,81.93
11/9/2021,84.15
11/10/2021,81.34
11/11/2021,81.59
11/12/2021,80.79
11/15/2021,80.88
11/16/2021,80.556
11/17/2021,78.036
11/18/2021,78.65
11/19/2021,75.972
11/22/2021,76.75
11/23/2021,78.5
11/24/2021,78.39
11/26/2021,68.15
11/29/2021,69.95
11/30/2021,66.18
12/1/2021,65.57
12/2/2021,66.5
12/3/2021,66.26
12/6/2021,69.49
12/7/2021,72.05
12/8/2021,72.36
12/9/2021,70.94
12/10/2021,71.67
12/13/2021,71.29
12/14/2021,70.73
12/15/2021,70.828
12/16/2021,72.288
12/17/2021,70.776
12/20/2021,68.534
12/21/2021,71.12
12/22/2021,72.76
12/23/2021,73.79
12/24/2021,73.79
12/26/2021,73.79
12/27/2021,75.57
12/28/2021,75.98
12/29/2021,76.56
12/30/2021,76.99
12/31/2021,75.21
1/3/2022,76.08
1/4/2022,76.99
1/5/2022,77.85
1/6/2022,79.46
1/7/2022,78.9
1/10/2022,78.23
1/11/2022,81.22
1/12/2022,82.64
1/13/2022,82.12
1/14/2022,83.716
1/18/2022,85.19
1/19/2022,86.264
1/20/2022,85.82
1/21/2022,85.14
1/24/2022,83.31
1/25/2022,85.6
1/26/2022,87.35
1/27/2022,86.61
1/28/2022,86.82
1/31/2022,88.15
2/1/2022,88.2
2/2/2022,88.26
2/3/2022,90.27
2/4/2022,92.31
2/7/2022,91.32
2/8/2022,89.36
2/9/2022,89.66
2/10/2022,89.88
2/11/2022,93.1
2/14/2022,95.46
2/15/2022,92.07
2/16/2022,93.66
2/17/2022,91.416
2/18/2022,90.726
2/21/2022,90.554
2/22/2022,91.998
2/23/2022,92.1
2/24/2022,92.81
2/25/2022,91.59
2/28/2022,95.72
3/1/2022,103.41
3/2/2022,110.6
3/3/2022,107.67
3/4/2022,115.68
3/7/2022,119.4
3/8/2022,123.7
3/9/2022,108.7
3/10/2022,106.02
3/11/2022,109.33
3/14/2022,103.01
3/15/2022,96.44
3/16/2022,95.04
3/17/2022,102.714
3/18/2022,104.056
3/21/2022,110.83
3/22/2022,109.768
3/23/2022,114.93
3/24/2022,112.34
3/25/2022,113.9
3/28/2022,105.96
3/29/2022,104.24
3/30/2022,107.82
3/31/2022,100.28
4/1/2022,99.27
4/4/2022,103.28
4/5/2022,101.96
4/6/2022,96.23
4/7/2022,96.03
4/8/2022,98.26
4/11/2022,94.29
4/12/2022,100.6
4/13/2022,104.25
4/14/2022,106.836
4/15/2022,106.95
4/18/2022,107.97
4/19/2022,102.254
4/20/2022,102.302
4/21/2022,103.79
4/22/2022,102.07
4/25/2022,98.54
4/26/2022,101.7
4/27/2022,102.02
4/28/2022,105.36
4/29/2022,104.69
5/2/2022,105.17
5/3/2022,102.41
5/4/2022,107.81
5/5/2022,108.26
5/6/2022,109.77
5/9/2022,103.09
5/10/2022,99.76
5/11/2022,105.71
5/12/2022,106.13
5/13/2022,110.49
5/16/2022,114.2
5/17/2022,111.846
5/18/2022,108.57
5/19/2022,110.818
5/20/2022,110.87
5/23/2022,110.29
5/24/2022,109.77
5/25/2022,110.33
5/26/2022,114.09
5/27/2022,115.07
5/31/2022,114.67
6/1/2022,115.26
6/2/2022,116.87
6/3/2022,118.87
6/6/2022,118.5
6/7/2022,119.41
6/8/2022,122.11
6/9/2022,121.51
6/10/2022,120.67
6/13/2022,120.93
6/14/2022,118.93
6/15/2022,115.31
6/16/2022,117.122
6/17/2022,108.932
6/20/2022,108.618
6/21/2022,109.746
6/22/2022,106.19
6/23/2022,104.27
6/24/2022,107.62
6/27/2022,106.3706
6/28/2022,110.0287
6/29/2022,111.8361
6/30/2022,109.5467
7/1/2022,105.9726
7/4/2022,108.1883
7/5/2022,110.3528
7/6/2022,101.0279
7/7/2022,98.2402
7/8/2022,102.4885
7/11/2022,104.4933
7/12/2022,103.0596
7/13/2022,94.5368
7/14/2022,95.587
7/15/2022,96.4966
7/18/2022,97.2274
7/19/2022,104.22
7/20/2022,102.26
7/21/2022,96.24
7/22/2022,94.7
7/25/2022,96.16
7/26/2022,95.69
7/27/2022,98.07
7/28/2022,97.4
7/29/2022,98.62
8/1/2022,93.74
8/2/2022,93.9
8/3/2022,91.16
8/4/2022,87.87
8/5/2022,89.01
8/8/2022,90.52
8/9/2022,90.49
8/10/2022,91.48
8/11/2022,93.96
8/12/2022,92.45
8/15/2022,92.45
8/16/2022,86.87
8/17/2022,87.68
8/18/2022,90.75
8/19/2022,90.77
8/22/2022,90.23
8/23/2022,93.77
8/24/2022,95.24
8/25/2022,92.92
8/26/2022,93.06
8/29/2022,96.79
8/30/2022,91.99
8/31/2022,89.2
9/1/2022,87.05
9/2/2022,86.87
9/5/2022,89.03
9/6/2022,86.79
9/7/2022,81.93
9/8/2022,82.96
9/9/2022,86.79
9/12/2022,88.03
9/13/2022,87.61
9/14/2022,88.93
9/15/2022,84.58
9/16/2022,85.11
9/19/2022,85.65
9/20/2022,84.45
9/21/2022,82.81
9/22/2022,83.57
9/23/2022,78.74
9/26/2022,76.72
9/27/2022,78.5
9/28/2022,81.71
9/29/2022,81.69
9/30/2022,79.49
10/3/2022,83.35
10/4/2022,86.47
10/5/2022,88.16
10/6/2022,88.87
10/7/2022,92.64
10/10/2022,90.86
10/11/2022,88.64
10/12/2022,87.22
10/13/2022,89.04
10/14/2022,85.61
10/17/2022,85.96
10/18/2022,83.75
10/19/2022,85.98
10/20/2022,85.98
10/21/2022,85.05
10/24/2022,84.92
10/25/2022,84.79
10/26/2022,88.2
10/27/2022,88.55
10/28/2022,87.9
10/31/2022,86.18
11/1/2022,88.68
11/2/2022,88.93
11/3/2022,87.96
11/4/2022,92.61
11/7/2022,91.79
11/8/2022,88.91
11/9/2022,85.83
11/10/2022,86.47
11/11/2022,88.86
11/14/2022,85.87
11/15/2022,86.82
11/16/2022,85.59
11/17/2022,81.64
11/18/2022,80.08
11/21/2022,79.73
11/22/2022,80.95
11/23/2022,77.94
11/24/2022,77.96
11/25/2022,76.55
11/28/2022,77.24
11/29/2022,78.91
11/30/2022,80.55
12/1/2022,81.41
12/2/2022,80.34
12/5/2022,76.93
12/6/2022,74.45
12/7/2022,72.01
12/8/2022,71.79
12/9/2022,71.59
12/12/2022,73.3
12/13/2022,75.39
12/14/2022,77.28
12/15/2022,76.37
12/16/2022,74.5
12/19/2022,75.67
12/20/2022,76.02
12/21/2022,78.42
12/22/2022,78.24
12/23/2022,79.35
12/26/2022,79.56
12/27/2022,79.87
12/28/2022,78.96
12/29/2022,78.71
12/30/2022,80.51
1/2/2023,80.26
1/3/2023,77.21
1/4/2023,72.84
1/5/2023,73.67
1/6/2023,73.73
1/9/2023,74.63
1/10/2023,74.71
1/11/2023,77.71
1/12/2023,78.39
1/13/2023,80.07
1/16/2023,78.85
1/17/2023,80.18
1/18/2023,79.48
1/19/2023,80.58
1/20/2023,81.4
1/23/2023,81.62
1/24/2023,80.26
1/25/2023,80.15
1/26/2023,81.01
1/27/2023,79.38
1/30/2023,77.9
1/31/2023,78.87
2/1/2023,76.7
2/2/2023,76
2/3/2023,73.23
2/6/2023,74.46
2/7/2023,77.59
2/8/2023,78.48
2/9/2023,77.66
2/10/2023,79.76
2/13/2023,79.16
2/14/2023,78.84
2/15/2023,78.5
2/16/2023,78.49
2/17/2023,76.33
2/20/2023,77.13
2/21/2023,76.05
2/22/2023,73.95
2/23/2023,75.39
2/24/2023,76.45
2/27/2023,75.68
2/28/2023,77.05
3/1/2023,77.69
3/2/2023,77.88
3/3/2023,79.85
3/6/2023,80.46
3/7/2023,77.58
3/8/2023,76.48
3/9/2023,75.72
3/10/2023,76.68
3/13/2023,74.63
3/14/2023,71.9
3/15/2023,68.26
3/16/2023,68.24
3/17/2023,66.74
3/20/2023,67.44
3/21/2023,69.33
3/22/2023,69.97
3/23/2023,69.54
3/24/2023,69.26
3/27/2023,72.81
3/28/2023,73.74
3/29/2023,72.87
3/30/2023,74.39
3/31/2023,75.67
4/3/2023,80.41
4/4/2023,81.02
4/5/2023,80.51
4/6/2023,80.7
4/7/2023,80.7
4/10/2023,79.85
4/11/2023,81.47
4/12/2023,83.13
4/13/2023,82.28
4/14/2023,82.52
4/17/2023,80.86
4/18/2023,80.93
4/19/2023,78.88
4/20/2023,77.29
4/21/2023,77.87
4/24/2023,78.59
4/25/2023,77.07
4/26/2023,74.41
4/27/2023,74.79
4/28/2023,76.78
5/1/2023,75.62
5/2/2023,71.62
5/3/2023,67.24
5/4/2023,68.74
5/5/2023,71.34
5/8/2023,73
5/9/2023,73.61
5/10/2023,72.89
5/11/2023,71.32
5/12/2023,70.04
5/15/2023,71.48
5/16/2023,70.63
5/17/2023,72.68
5/18/2023,71.99
5/19/2023,71.55
5/22/2023,71.99
5/23/2023,73.81
5/24/2023,74.21
5/25/2023,71.79
5/26/2023,72.67
5/29/2023,72.94
5/30/2023,69.54
5/31/2023,67.69
6/1/2023,70.07
6/2/2023,71.74
6/5/2023,71.94
6/6/2023,71.76
6/7/2023,72.42
6/8/2023,70.89
6/9/2023,70.17
6/12/2023,67.35
6/13/2023,69.42
6/14/2023,68.52
6/15/2023,70.68
6/16/2023,71.78
6/19/2023,71.29
6/20/2023,70.5
6/21/2023,72.52
6/22/2023,69.36
6/23/2023,69.16
6/26/2023,69.53
6/27/2023,68.03
6/28/2023,69.56
6/29/2023,69.59
6/30/2023,70.64
7/3/2023,69.79
7/4/2023,71.05
7/5/2023,71.79
7/6/2023,71.84
7/7/2023,73.86
7/10/2023,74.1
7/11/2023,74.83
7/12/2023,75.75
7/13/2023,77.23
7/14/2023,75.27
7/17/2023,74.1
7/18/2023,75.75
7/19/2023,75.23
7/20/2023,75.63
7/21/2023,77.07
7/24/2023,78.87
7/25/2023,79.32
7/26/2023,79.01
7/27/2023,79.63
7/28/2023,80.67
7/31/2023,81.64
8/1/2023,82.25
8/2/2023,79.71
8/3/2023,81.79
8/4/2023,82.82
8/7/2023,81.94
8/8/2023,82.75
8/9/2023,84.26
8/10/2023,82.89
8/11/2023,83.19
8/14/2023,82.39
8/15/2023,80.99
8/16/2023,79.38
8/17/2023,80.08
8/18/2023,81.25
8/21/2023,80.83
8/22/2023,80.25
8/23/2023,78.62
8/24/2023,79.05
8/25/2023,80.05
8/28/2023,80.01
8/29/2023,81.37
8/30/2023,81.63
8/31/2023,83.57
9/1/2023,85.55
9/4/2023,85.84
9/5/2023,86.81
9/6/2023,87.66
9/7/2023,86.7
9/8/2023,87.51
9/11/2023,87.3
9/12/2023,88.84
9/13/2023,88.7
9/14/2023,90.53
9/15/2023,90.77
9/18/2023,92.36
9/19/2023,91.56
9/20/2023,90.28
9/21/2023,89.76
9/22/2023,90.03
9/25/2023,89.78
9/26/2023,90.57
9/27/2023,93.84
9/28/2023,91.79
9/29/2023,90.79
10/2/2023,88.47
10/3/2023,89.39
10/4/2023,84.37
10/5/2023,82.89
10/6/2023,82.79
10/9/2023,86.45
10/10/2023,85.92
10/11/2023,83.2
10/12/2023,83.46
10/13/2023,87.69
10/16/2023,86.82
10/17/2023,88.06
10/18/2023,88.25
10/19/2023,90.3
10/20/2023,88.75
10/23/2023,86.51
10/24/2023,83.7
10/25/2023,85.39
10/26/2023,83.58
10/27/2023,85.54
10/30/2023,82.31
10/31/2023,81.02
11/1/2023,80.92
11/2/2023,82.53
11/3/2023,80.51
11/6/2023,80.82
11/7/2023,77.46
11/8/2023,75.45
11/9/2023,75.74
11/10/2023,77.17
11/13/2023,78.58
11/14/2023,78.26
11/15/2023,76.66
11/16/2023,72.9
11/17/2023,75.84
11/20/2023,78.03
11/24/2023,75.57
11/27/2023,75.67
11/28/2023,75.16
11/29/2023,76.59
11/30/2023,77.7
12/1/2023,75.63
12/4/2023,74.84
12/5/2023,73.24
12/6/2023,72.16
12/7/2023,69.34
12/8/2023,71.26
12/11/2023,71.32
12/12/2023,68.61
12/13/2023,69.47
12/14/2023,71.58
12/15/2023,71.79
12/18/2023,72.47
12/19/2023,73.58
12/20/2023,74.22
12/21/2023,73.89
12/22/2023,73.49
12/25/2023,73.56
12/26/2023,75.57
12/27/2023,74.11
12/28/2023,71.77
12/29/2023,71.33
1/1/2024,71.65
1/2/2024,70.38
1/3/2024,72.7
1/4/2024,72.19
1/5/2024,73.95
1/8/2024,70.77
1/9/2024,72.24
1/10/2024,71.37
1/11/2024,72.02
1/12/2024,72.76
1/15/2024,72.5
1/16/2024,72.4
1/17/2024,72.56
1/18/2024,74.08
1/19/2024,73.71
1/22/2024,75.01
1/23/2024,74.37
1/24/2024,75.09
1/25/2024,77.12
1/26/2024,78.23
1/29/2024,76.78
1/30/2024,77.79
1/31/2024,75.85
2/1/2024,73.82
2/2/2024,72.41
2/5/2024,72.78
2/6/2024,73.31
2/7/2024,73.86
2/8/2024,76.22
2/9/2024,76.6
2/12/2024,76.92
2/13/2024,77.87
2/14/2024,76.64
2/15/2024,78.03
2/16/2024,79.22
2/19/2024,79.29
2/20/2024,78.27
2/21/2024,77.91
2/22/2024,78.61
2/23/2024,76.57
2/26/2024,77.6
2/27/2024,78.87
2/28/2024,78.54
2/29/2024,78.26
3/1/2024,79.81
3/4/2024,78.74
3/5/2024,78.15
3/6/2024,79.13
3/7/2024,78.93
3/8/2024,78.01
3/11/2024,78.11
3/12/2024,77.98
3/13/2024,79.72
3/14/2024,81.08
3/15/2024,81.04
3/18/2024,82.79
3/19/2024,83.12
3/20/2024,81.68
3/21/2024,80.93
3/22/2024,80.82
3/25/2024,81.95
3/26/2024,81.28
3/27/2024,81.35
3/28/2024,83.11
3/29/2024,83.17
4/1/2024,83.71
4/2/2024,85.15
4/3/2024,85.56
4/4/2024,87.01
4/5/2024,86.91
4/8/2024,86.66
4/9/2024,85.31
4/10/2024,86.21
4/11/2024,86.31
4/12/2024,85.46
4/15/2024,85.66
4/16/2024,85.82
4/17/2024,85.38
4/18/2024,82.75
4/19/2024,82.57
4/22/2024,83.26
4/23/2024,82.85
4/24/2024,83.48
4/25/2024,82.82
4/26/2024,83.75
4/29/2024,83.33
4/30/2024,81.93
5/1/2024,79.05
5/2/2024,78.95
5/3/2024,78.11
5/6/2024,78.48
5/7/2024,78.38
5/8/2024,79.25
5/9/2024,79.64
5/10/2024,78.26
5/13/2024,79.14
5/14/2024,78.41
5/15/2024,78.93
5/16/2024,79.38
5/17/2024,80.06
5/20/2024,79.65
5/21/2024,79.06
5/22/2024,77.57
5/23/2024,76.91
5/24/2024,77.72
5/27/2024,78.55
5/28/2024,79.83
5/29/2024,79.23
5/30/2024,77.91
5/31/2024,76.99
